{"cameraMode":{"drawMode":0,"name":"Shaded","section":"Shading Mode"},"sceneLighting":false,"audioPlay":false,"sceneViewState":{"showFog":true,"showMaterialUpdate":false,"showSkybox":false,"showFlares":true,"showImageEffects":true,"showParticleSystems":true},"in2DMode":false,"pivot":{"x":-4.153133392333984,"y":-2.471184253692627,"z":0.7341678142547607},"rotation":{"x":0.1938084065914154,"y":-0.6622171401977539,"z":0.18328040838241578,"w":0.7002501487731934},"size":11.95258617401123,"orthographic":false}