{"cameraMode":{"drawMode":0,"name":"Shaded","section":"Shading Mode"},"sceneLighting":false,"audioPlay":false,"sceneViewState":{"showFog":true,"showMaterialUpdate":false,"showSkybox":false,"showFlares":true,"showImageEffects":true,"showParticleSystems":true},"in2DMode":false,"pivot":{"x":-0.6712659001350403,"y":0.5990458726882935,"z":-0.104892797768116},"rotation":{"x":0.18078073859214784,"y":-0.11273137480020523,"z":0.02086339145898819,"w":0.976820707321167},"size":5.149181842803955,"orthographic":false}