{"cameraMode":{"drawMode":0,"name":"Shaded","section":"Shading Mode"},"sceneLighting":false,"audioPlay":false,"sceneViewState":{"showFog":true,"showMaterialUpdate":false,"showSkybox":false,"showFlares":true,"showImageEffects":true,"showParticleSystems":true},"in2DMode":false,"pivot":{"x":-0.2532612979412079,"y":54.741722106933597,"z":-46.79552459716797},"rotation":{"x":-0.23518039286136628,"y":0.6514031887054443,"z":-0.22334729135036469,"w":-0.685914933681488},"size":13.702707290649414,"orthographic":false}