{"cameraMode":{"drawMode":0,"name":"Shaded","section":"Shading Mode"},"sceneLighting":false,"audioPlay":false,"sceneViewState":{"showFog":true,"showMaterialUpdate":false,"showSkybox":false,"showFlares":true,"showImageEffects":true,"showParticleSystems":true},"in2DMode":false,"pivot":{"x":3.8188867568969728,"y":-4.266593933105469,"z":-0.08527392148971558},"rotation":{"x":0.068780317902565,"y":-0.8700433969497681,"z":0.4713604152202606,"w":0.12695735692977906},"size":19.597362518310548,"orthographic":false}